{
  "ACCESS_PERSONAL_INFO": 36.07560744314402,
  "ALTER_PHONE_STATE": 0.05655930871956009,
  "ANTI_DEBUG": 0.34302767608437496,
  "CREATE_FOLDER": 56.1404169807285,
  "CREATE_PROCESS": 15.561811324178834,
  "CREATE_THREAD": 59.957150325870046,
  "DEVICE_ACCESS": 59.63180843103866,
  "EXECUTE": 15.773424984793941,
  "FS_ACCESS": 37.29482000732116,
  "FS_ACCESSCREATE": 61.004247142025925,
  "FS_ACCESSCREATE__APPEND": 2.969292379552717,
  "FS_ACCESSCREATE__READ": 12.035386693408709,
  "FS_ACCESSCREATE__READ__WRITE": 25.484209781316192,
  "FS_ACCESSCREATE__WRITE": 60.59297948858446,
  "FS_ACCESSCREATE__WRITE__APPEND": 6.279697987610531,
  "FS_ACCESSREAD": 60.05215268185755,
  "FS_ACCESSWRITE": 60.028374020574354,
  "FS_PIPE_ACCESS": 0.05086368690257099,
  "FS_PIPE_ACCESSREAD": 6.550573342233691,
  "FS_PIPE_ACCESSREAD__WRITE": 56.43308318811812,
  "FS_PIPE_ACCESSWRITE": 11.479452994737963,
  "NETWORK_ACCESS": 26.245300978648434,
  "NETWORK_ACCESSREAD": 0.12036432228329909,
  "NETWORK_ACCESSREAD__WRITE": 41.32893225275088,
  "NETWORK_ACCESSWRITE": 9.18240325927165,
  "SMS_SEND": 0.6817860008008607,
  "TERMINATE_PROCESS": 15.208135702549635,
  "TERMINATE_THREAD": 52.26582445960612,
  "ARM_NR_CACHEFLUSH": 12.51485250579119,
  "ARM_NR_SET_TLS": 60.07071526322061,
  "LLSEEK": 62.83513474392195,
  "NEWSELECT": 19.839862753407143,
  "ACCEPT": 0.22490770578416117,
  "ACCESS": 87.4149938555757,
  "ADD": 0.013370473537604458,
  "ADDACCESSIBILITYINTERACTIONCONNECTION": 12.158575395330427,
  "ADDACCOUNTEXPLICITLY": 0.1871866295264624,
  "ADDCLIENT": 52.52141186830362,
  "ADDPERIODICSYNC": 0.12033426183844012,
  "ADDSTATUSCHANGELISTENER": 0.026740947075208917,
  "ADDTODISPLAY": 43.83453158986265,
  "ADDTODISPLAYWITHOUTINPUTCHANNEL": 3.78942891405842,
  "ATTACHENGINE": 0.02679034885950261,
  "BEGINRESTORESESSION": 0.026740947075208917,
  "BIND": 41.336775382881335,
  "BRK": 61.150250194988,
  "CANCELALLNOTIFICATIONS": 0.8767833874756975,
  "CANCELNOTIFICATIONWITHTAG": 2.7616203955572454,
  "CANCELSYNC": 0.013370473537604458,
  "CANCELTOAST": 0.05348189415041783,
  "CANCELVIBRATE": 0.013370473537604458,
  "CAPSET": 59.09577292930818,
  "CHDIR": 0.2216999258408465,
  "CHECKOPERATION": 4.20031368264415,
  "CHECKPACKAGE": 3.864871166232914,
  "CHECKPERMISSION": 13.813811168300871,
  "CHECKSIGNATURES": 0.1872217262918329,
  "CHMOD": 57.39788159194424,
  "CLOCK_GETRES": 0.0936011382441399,
  "CLOCK_GETTIME": 60.98652017678386,
  "CLONE": 59.89887873598692,
  "CLOSE": 61.76646385838141,
  "COLLAPSEPANELS": 0.026742243642001298,
  "CONNECT": 59.510419046805886,
  "CURRENTTOCANONICALPACKAGENAMES": 0.05348189415041783,
  "DATACHANGED": 0.13370473537604458,
  "DELETEHOST": 0.13370473537604458,
  "DISCONNECT": 0.5431193590887397,
  "DISPLAYCOMPLETIONS": 0.5513784813491934,
  "DUP": 8.15618832744889,
  "ENDRESTORESESSION": 0.026740947075208917,
  "ENGINESHOWN": 0.013370475075569373,
  "ENQUEUENOTIFICATIONWITHTAG": 1.3242620199648503,
  "ENQUEUETOAST": 3.825358575739477,
  "EPOLL_CREATE": 59.26485323332984,
  "EPOLL_CTL": 62.388674285991975,
  "EPOLL_WAIT": 60.46429042818185,
  "EVENTFD": 0.06685236768802229,
  "EXECVE": 15.820414468789895,
  "EXIT": 51.428764373233484,
  "EXIT_GROUP": 15.207916470948689,
  "FCHMOD": 31.045812537271246,
  "FCHOWN": 26.00809726400889,
  "FCNTL": 59.73995074177677,
  "FDATASYNC": 35.51477405653626,
  "FINISHDRAWING": 43.4165499431422,
  "FINISHINPUT": 3.5599839864400704,
  "FINISHSPELLCHECKERSERVICE": 0.297578984859694,
  "FLOCK": 77.53051034968162,
  "FORK": 15.560255789885451,
  "FSTAT": 63.703738910374746,
  "FSTATFS": 0.013370473537604458,
  "FSYNC": 38.323627765602566,
  "FTRUNCATE": 7.065240304138225,
  "FUTEX": 60.5630314789968,
  "GEOCODERISPRESENT": 0.06685236768802229,
  "GETACCOUNTS": 1.3488427371726563,
  "GETACCOUNTSASUSER": 1.798044454026495,
  "GETACTIVEADMINS": 0.047185645464200905,
  "GETACTIVENETWORKINFO": 32.39919882341582,
  "GETACTIVEPHONETYPE": 22.257700613443546,
  "GETACTIVITYINFO": 27.868580927313083,
  "GETALLCELLINFO": 0.29323571608482535,
  "GETALLNETWORKINFO": 5.731498739789895,
  "GETALLPROVIDERS": 0.704324067121929,
  "GETANIMATIONSCALE": 43.68304757295346,
  "GETAPPWIDGETIDS": 1.138679121852412,
  "GETAPPWIDGETINFO": 0.013370473537604458,
  "GETAPPLICATIONENABLEDSETTING": 0.10585114042707257,
  "GETAPPLICATIONINFO": 39.849926059480175,
  "GETAPPLICATIONRESTRICTIONS": 4.6444845360061295,
  "GETAUTHENTICATORTYPES": 0.026740947075208917,
  "GETBESTPROVIDER": 1.1296683125169025,
  "GETBOOLEAN": 0.026740947075208917,
  "GETCALLSTATE": 0.19688012106503053,
  "GETCAMERADISABLED": 0.013373017281042556,
  "GETCAMERAINFO": 0.8378343714411952,
  "GETCELLLOCATION": 6.697763930106974,
  "GETCLIENTDEFAULTLANGUAGE": 0.25981156248364684,
  "GETCOMPONENTENABLEDSETTING": 0.7235840323259787,
  "GETCONFIGUREDNETWORKS": 0.083300255794769,
  "GETCONNECTIONINFO": 9.697827476893956,
  "GETCURRENTMODETYPE": 0.2807799442896936,
  "GETCURRENTSPELLCHECKER": 3.708486934691638,
  "GETCURRENTSPELLCHECKERSUBTYPE": 8.579991329518109,
  "GETDATANETWORKTYPE": 10.836874418220457,
  "GETDATASTATE": 0.22597977101921693,
  "GETDEVICEID": 23.803177086424245,
  "GETDEVICELIST": 0.026740947075208917,
  "GETDEVICEOWNER": 0.29585480093676814,
  "GETDEVICESVN": 0.3164270837624082,
  "GETDHCPINFO": 0.061368984585624675,
  "GETDISPLAYFRAME": 1.2502997013812236,
  "GETDISPLAYIDS": 0.5447459979512662,
  "GETDISPLAYINFO": 68.17867541098727,
  "GETENABLEDACCESSIBILITYSERVICELIST": 0.4930572498069981,
  "GETENABLEDINPUTMETHODLIST": 0.5247060899720681,
  "GETENABLEDINPUTMETHODSUBTYPELIST": 0.40397134898527653,
  "GETFROMLOCATION": 0.1848579326906993,
  "GETGLOBALSEARCHACTIVITY": 0.04011142061281337,
  "GETHEIGHTHINT": 0.33823555716140613,
  "GETICCSERIALNUMBER": 7.792407748391429,
  "GETINTOUCHMODE": 15.862599514912775,
  "GETINPUTDEVICE": 17.523495670336946,
  "GETINPUTDEVICEIDS": 17.526447592458034,
  "GETINPUTMETHODLIST": 0.11135963844254965,
  "GETINSTALLLOCATION": 0.013370473537604458,
  "GETINSTALLEDAPPLICATIONS": 1.8413126901189525,
  "GETINSTALLEDPACKAGES": 8.584333490035974,
  "GETINSTALLEDPROVIDERS": 0.08022284122562674,
  "GETINSTALLERPACKAGENAME": 24.396023832147172,
  "GETISSYNCABLE": 0.013370473537604458,
  "GETLASTCHOSENACTIVITY": 0.02751030071749448,
  "GETLASTINPUTMETHODSUBTYPE": 0.013370473537604458,
  "GETLASTLOCATION": 4.330411586069208,
  "GETLINENUMBER": 12.577277242767435,
  "GETLONG": 0.026740947075208917,
  "GETMASTERSYNCAUTOMATICALLY": 0.053488364232284806,
  "GETMESSENGER": 0.04011142061281337,
  "GETMOBILEDATAENABLED": 0.7677957602473233,
  "GETMOBILEIFACES": 0.2151002813648681,
  "GETMODE": 3.1624643435790794,
  "GETNAMEFORUID": 0.03668299591026078,
  "GETNEIGHBORINGCELLINFO": 0.8083220518594851,
  "GETNETWORKINFO": 11.002651954808695,
  "GETNETWORKPREFERENCE": 0.026741965633938984,
  "GETNIGHTMODE": 1.2755602856436257,
  "GETNUMBEROFCAMERAS": 1.3159920594329684,
  "GETPACKAGEINFO": 60.46530155277629,
  "GETPACKAGESIZEINFO": 0.09361548618648388,
  "GETPACKAGESFORUID": 59.10685405107171,
  "GETPASSWORD": 0.013370473537604458,
  "GETPERMISSIONINFO": 0.20393327803641834,
  "GETPREFERREDACTIVITIES": 0.04011142061281337,
  "GETPREFERREDPACKAGES": 0.028279654359780044,
  "GETPRIMARYCLIP": 0.13370473537604458,
  "GETPROVIDERINFO": 0.0824951847155405,
  "GETPROVIDERPROPERTIES": 0.14711841182583896,
  "GETPROVIDERS": 0.7389679361065272,
  "GETPROXY": 59.09496497243083,
  "GETRECEIVERINFO": 9.864752361813563,
  "GETRINGERMODE": 3.278279699443995,
  "GETRINGTONEPLAYER": 0.05633903700756069,
  "GETSCANRESULTS": 0.4746855459546323,
  "GETSEARCHABLEINFO": 0.9891933723477448,
  "GETSEARCHABLESINGLOBALSEARCH": 0.013370473537604458,
  "GETSERVICEINFO": 9.850364356596218,
  "GETSPELLCHECKERSERVICE": 3.72154119068253,
  "GETSTATE": 0.3877669161333162,
  "GETSTORAGEENCRYPTIONSTATUS": 0.13370473537604458,
  "GETSTREAMMAXVOLUME": 1.6666193334739123,
  "GETSTREAMVOLUME": 9.887629098053338,
  "GETSTRING": 0.1302670672528757,
  "GETSUBSCRIBERID": 13.534628609644106,