{
  "ACCESS_PERSONAL_INFO": 36.11128035071551,
  "ALTER_PHONE_STATE": 0.05655930871956009,
  "ANTI_DEBUG": 0.3430755363983252,
  "CREATE_FOLDER": 55.86255330688865,
  "CREATE_PROCESS": 15.587902591458894,
  "CREATE_THREAD": 59.92862610690137,
  "DEVICE_ACCESS": 59.61498771720237,
  "EXECUTE": 15.76644874824504,
  "FS_ACCESS": 37.31278751646278,
  "FS_ACCESSCREATE": 61.03222841480567,
  "FS_ACCESSCREATE__APPEND": 2.9665935932824636,
  "FS_ACCESSCREATE__READ": 12.03961197413276,
  "FS_ACCESSCREATE__READ__WRITE": 25.89154874729848,
  "FS_ACCESSCREATE__WRITE": 60.49162542983328,
  "FS_ACCESSCREATE__WRITE__APPEND": 6.274318845151834,
  "FS_ACCESSREAD": 60.262987399176076,
  "FS_ACCESSWRITE": 60.011362288252805,
  "FS_PIPE_ACCESS": 0.050861618070428084,
  "FS_PIPE_ACCESSREAD": 6.548180914831726,
  "FS_PIPE_ACCESSREAD__WRITE": 56.35234447964884,
  "FS_PIPE_ACCESSWRITE": 11.465101370641447,
  "NETWORK_ACCESS": 26.325557243248717,
  "NETWORK_ACCESSREAD": 0.12036432228329909,
  "NETWORK_ACCESSREAD__WRITE": 41.41842347769884,
  "NETWORK_ACCESSWRITE": 9.189900061681653,
  "SMS_SEND": 0.6795395230794259,
  "TERMINATE_PROCESS": 15.208187580385042,
  "TERMINATE_THREAD": 51.39591794381265,
  "ARM_NR_CACHEFLUSH": 12.519965251944818,
  "ARM_NR_SET_TLS": 59.890992388067886,
  "LLSEEK": 63.36801339437236,
  "NEWSELECT": 19.848739461793507,
  "ACCEPT": 0.2249207549638001,
  "ACCESS": 84.55905509645262,
  "ADD": 0.013370473537604458,
  "ADDACCESSIBILITYINTERACTIONCONNECTION": 11.91665085165165,
  "ADDACCOUNTEXPLICITLY": 0.1871866295264624,
  "ADDCLIENT": 52.573615730979,
  "ADDPERIODICSYNC": 0.12033426183844012,
  "ADDSTATUSCHANGELISTENER": 0.026740947075208917,
  "ADDTODISPLAY": 44.041139902383705,
  "ADDTODISPLAYWITHOUTINPUTCHANNEL": 3.7912296300316886,
  "ATTACHENGINE": 0.0267895520962436,
  "BEGINRESTORESESSION": 0.026740947075208917,
  "BIND": 41.198433805978134,
  "BRK": 61.05588064566823,
  "CANCELALLNOTIFICATIONS": 0.8773326593503681,
  "CANCELNOTIFICATIONWITHTAG": 2.7591708657999874,
  "CANCELSYNC": 0.013370473537604458,
  "CANCELTOAST": 0.05348189415041783,
  "CANCELVIBRATE": 0.013370473537604458,
  "CAPSET": 59.09488589212719,
  "CHDIR": 0.22168192049683685,
  "CHECKOPERATION": 4.201175763943576,
  "CHECKPACKAGE": 3.8648362060099735,
  "CHECKPERMISSION": 13.798296085851064,
  "CHECKSIGNATURES": 0.18720872184889362,
  "CHMOD": 57.58758134379141,
  "CLOCK_GETRES": 0.09359537090462043,
  "CLOCK_GETTIME": 61.08464166638173,
  "CLONE": 59.92245832470756,
  "CLOSE": 61.7503081490469,
  "COLLAPSEPANELS": 0.026740947075208917,
  "CONNECT": 59.4035126928249,
  "CURRENTTOCANONICALPACKAGENAMES": 0.05348189415041783,
  "DATACHANGED": 0.13370473537604458,
  "DELETEHOST": 0.13370473537604458,
  "DISCONNECT": 0.5431642625654939,
  "DISPLAYCOMPLETIONS": 0.5512640624985641,
  "DUP": 8.151883498139838,
  "ENDRESTORESESSION": 0.026740947075208917,
  "ENGINESHOWN": 0.013370525442263206,
  "ENQUEUENOTIFICATIONWITHTAG": 1.319670735988792,
  "ENQUEUETOAST": 3.8381028234248986,
  "EPOLL_CREATE": 59.175320309592436,
  "EPOLL_CTL": 62.57244226192282,
  "EPOLL_WAIT": 60.37536168799275,
  "EVENTFD": 0.06685236768802229,
  "EXECVE": 15.773840701767314,
  "EXIT": 51.812113088249134,
  "EXIT_GROUP": 15.207693124332241,
  "FCHMOD": 31.786506451833024,
  "FCHOWN": 25.99075204092675,
  "FCNTL": 59.87147428916816,
  "FDATASYNC": 35.574647884146096,
  "FINISHDRAWING": 43.376538987454445,
  "FINISHINPUT": 3.5643676078969686,
  "FINISHSPELLCHECKERSERVICE": 0.29757998118461354,
  "FLOCK": 77.29196134742051,
  "FORK": 15.558984740918207,
  "FSTAT": 63.52154887286109,
  "FSTATFS": 0.013370473537604458,
  "FSYNC": 38.38640228868748,
  "FTRUNCATE": 7.0660001573279185,
  "FUTEX": 60.78283356755139,
  "GEOCODERISPRESENT": 0.06685236768802229,
  "GETACCOUNTS": 1.347789924243391,
  "GETACCOUNTSASUSER": 1.8002902708518669,
  "GETACTIVEADMINS": 0.04718133420275837,
  "GETACTIVENETWORKINFO": 32.37685753731263,
  "GETACTIVEPHONETYPE": 22.664279253787768,
  "GETACTIVITYINFO": 27.614698274989838,
  "GETALLCELLINFO": 0.29323533337563756,
  "GETALLNETWORKINFO": 5.732058997000816,
  "GETALLPROVIDERS": 0.7041365225175634,
  "GETANIMATIONSCALE": 43.68612486656417,
  "GETAPPWIDGETIDS": 1.1388835536177444,
  "GETAPPWIDGETINFO": 0.013370473537604458,
  "GETAPPLICATIONENABLEDSETTING": 0.10585069550388401,
  "GETAPPLICATIONINFO": 39.956264150379084,
  "GETAPPLICATIONRESTRICTIONS": 4.649881399493864,
  "GETAUTHENTICATORTYPES": 0.026740947075208917,
  "GETBESTPROVIDER": 1.1296330709983524,
  "GETBOOLEAN": 0.026740947075208917,
  "GETCALLSTATE": 0.19686725536617622,
  "GETCAMERADISABLED": 0.013372284637667558,
  "GETCAMERAINFO": 0.8376740108942704,
  "GETCELLLOCATION": 6.691662325542869,
  "GETCLIENTDEFAULTLANGUAGE": 0.25975328292877037,
  "GETCOMPONENTENABLEDSETTING": 0.7239470814675796,
  "GETCONFIGUREDNETWORKS": 0.083300255794769,
  "GETCONNECTIONINFO": 9.719832867444026,
  "GETCURRENTMODETYPE": 0.2807992485810314,
  "GETCURRENTSPELLCHECKER": 3.7080227539808877,
  "GETCURRENTSPELLCHECKERSUBTYPE": 8.579757356614993,
  "GETDATANETWORKTYPE": 10.84123995929614,
  "GETDATASTATE": 0.2259988072088948,
  "GETDEVICEID": 23.650547231488037,
  "GETDEVICELIST": 0.026740947075208917,
  "GETDEVICEOWNER": 0.29585480093676814,
  "GETDEVICESVN": 0.3177216994682831,
  "GETDHCPINFO": 0.06135480526452308,
  "GETDISPLAYFRAME": 1.2500005379505679,
  "GETDISPLAYIDS": 0.5448232428920106,
  "GETDISPLAYINFO": 69.54034847255434,
  "GETENABLEDACCESSIBILITYSERVICELIST": 0.4928619516216511,
  "GETENABLEDINPUTMETHODLIST": 0.5246811700980635,
  "GETENABLEDINPUTMETHODSUBTYPELIST": 0.40397134898527653,
  "GETFROMLOCATION": 0.1847992995613815,
  "GETGLOBALSEARCHACTIVITY": 0.04011142061281337,
  "GETHEIGHTHINT": 0.3382650681192059,
  "GETICCSERIALNUMBER": 7.81381216337936,
  "GETINTOUCHMODE": 15.855229006533573,
  "GETINPUTDEVICE": 17.52492483381672,
  "GETINPUTDEVICEIDS": 17.519040661942146,
  "GETINPUTMETHODLIST": 0.11135963844254965,
  "GETINSTALLLOCATION": 0.013370473537604458,
  "GETINSTALLEDAPPLICATIONS": 1.8402950337765498,
  "GETINSTALLEDPACKAGES": 8.637020674250754,
  "GETINSTALLEDPROVIDERS": 0.08022284122562674,
  "GETINSTALLERPACKAGENAME": 24.396023830802296,
  "GETISSYNCABLE": 0.013370473537604458,
  "GETLASTCHOSENACTIVITY": 0.02751030071749448,
  "GETLASTINPUTMETHODSUBTYPE": 0.013370473537604458,
  "GETLASTLOCATION": 4.33512036540598,
  "GETLINENUMBER": 12.57184390108555,
  "GETLONG": 0.026740947075208917,
  "GETMASTERSYNCAUTOMATICALLY": 0.05348189415041783,
  "GETMESSENGER": 0.04011142061281337,
  "GETMOBILEDATAENABLED": 0.7676647575974684,
  "GETMOBILEIFACES": 0.2151002813648681,
  "GETMODE": 3.150422377572071,
  "GETNAMEFORUID": 0.03668552143197181,
  "GETNEIGHBORINGCELLINFO": 0.8080719771211592,
  "GETNETWORKINFO": 11.054166059478801,
  "GETNETWORKPREFERENCE": 0.026745102711156737,
  "GETNIGHTMODE": 1.2703885977623297,
  "GETNUMBEROFCAMERAS": 1.317239121276067,
  "GETPACKAGEINFO": 60.59331739143916,
  "GETPACKAGESIZEINFO": 0.0935933147632312,
  "GETPACKAGESFORUID": 59.11246294885397,
  "GETPASSWORD": 0.013370473537604458,
  "GETPERMISSIONINFO": 0.20389353526908896,
  "GETPREFERREDACTIVITIES": 0.04011142061281337,
  "GETPREFERREDPACKAGES": 0.028279654359780044,
  "GETPRIMARYCLIP": 0.13370473537604458,
  "GETPROVIDERINFO": 0.08249370984939587,
  "GETPROVIDERPROPERTIES": 0.14718289634111698,
  "GETPROVIDERS": 0.7389664972568929,
  "GETPROXY": 59.09898003739493,
  "GETRECEIVERINFO": 9.859444738689344,
  "GETRINGERMODE": 3.2818031288775433,
  "GETRINGTONEPLAYER": 0.05633903700756069,
  "GETSCANRESULTS": 0.47465848444035075,
  "GETSEARCHABLEINFO": 0.9891205932606998,
  "GETSEARCHABLESINGLOBALSEARCH": 0.013370473537604458,
  "GETSERVICEINFO": 9.857388187109164,
  "GETSPELLCHECKERSERVICE": 3.7223796653721206,
  "GETSTATE": 0.3877746696228583,
  "GETSTORAGEENCRYPTIONSTATUS": 0.13370473537604458,
  "GETSTREAMMAXVOLUME": 1.6647131846108814,
  "GETSTREAMVOLUME": 9.888204698724248,
  "GETSTRING": 0.13027374886021775,